{"cameraMode":{"drawMode":0,"name":"Shaded","section":"Shading Mode"},"sceneLighting":true,"audioPlay":false,"sceneViewState":{"m_AlwaysRefresh":false,"showFog":true,"showSkybox":true,"showFlares":true,"showImageEffects":true,"showParticleSystems":true,"showVisualEffectGraphs":true,"m_FxEnabled":true},"in2DMode":false,"pivot":{"x":22.39128303527832,"y":11.887199401855469,"z":19.45039176940918},"rotation":{"x":0.0625205785036087,"y":-0.31766775250434878,"z":0.020996570587158204,"w":0.9459055066108704},"size":15.622461318969727,"orthographic":false}